,P1,P2,P3,P4,P5,TOPSIS_Score,Rank
M1,54,60.42,51.79,55.77,0.02,0.561051220832844,2.0
M2,57,62.26,58.93,60.55,0.26,0.32596635480312475,5.0
M3,45,50.85,53.57,52.17,-0.17,0.7217615912326827,1.0
M4,60,66.67,66.67,66.67,0.15,0.3342169372149956,4.0
M5,50,60.0,50.0,54.55,0.2,0.4238265461084438,3.0
